{
  "label_aps": {
    "car": {
      "1.0": 0.7302239533734641,
      "2.0": 0.7661826784845376,
      "3.0": 0.7738286744593695,
      "4.0": 0.7807633186055077
    },
    "truck": {
      "1.0": 0.0,
      "2.0": 0.0,
      "3.0": 0.0,
      "4.0": 0.0
    },
    "trailer": {
      "1.0": 0.0,
      "2.0": 0.0,
      "3.0": 0.0,
      "4.0": 0.0
    },
    "bus": {
      "1.0": 0.0,
      "2.0": 3.919263178522424e-05,
      "3.0": 3.919263178522424e-05,
      "4.0": 3.919263178522424e-05
    },
    "engineering_vehicle": {
      "1.0": 0.007223791484388938,
      "2.0": 0.007223791484388938,
      "3.0": 0.023049199708367264,
      "4.0": 0.023049199708367264
    },
    "rider": {
      "1.0": 0.0,
      "2.0": 0.0,
      "3.0": 0.0,
      "4.0": 0.0
    },
    "pedestrian": {
      "1.0": 0.0,
      "2.0": 0.0,
      "3.0": 0.0,
      "4.0": 0.0
    },
    "tricyclist": {
      "1.0": 0.35822635616892873,
      "2.0": 0.38585486748993203,
      "3.0": 0.3889026461389,
      "4.0": 0.3904717551881731
    },
    "light_truck": {
      "1.0": 0.004019351202975381,
      "2.0": 0.006807248008961833,
      "3.0": 0.006807248008961833,
      "4.0": 0.006807248008961833
    }
  },
  "mean_dist_aps": {
    "car": 0.7627496562307198,
    "truck": 0.0,
    "trailer": 0.0,
    "bus": 2.939447383891818e-05,
    "engineering_vehicle": 0.0151364955963781,
    "rider": 0.0,
    "pedestrian": 0.0,
    "tricyclist": 0.3808639062464835,
    "light_truck": 0.00611027380746522
  },
  "mean_ap": 0.1294321918172095,
  "label_tp_errors": {
    "car": {
      "trans_err": 0.28957852238867454,
      "scale_err": 0.12073646891092019,
      "orient_err": 0.1187406763406124,
      "vel_err": 1.6202486936735618
    },
    "truck": {
      "trans_err": 1.0,
      "scale_err": 1.0,
      "orient_err": 1.0,
      "vel_err": 1.0
    },
    "trailer": {
      "trans_err": 1.0,
      "scale_err": 1.0,
      "orient_err": 1.0,
      "vel_err": 1.0
    },
    "bus": {
      "trans_err": 0.6536896906515304,
      "scale_err": 0.10586974002939575,
      "orient_err": 0.055681158440931515,
      "vel_err": 0.9098233683966024
    },
    "engineering_vehicle": {
      "trans_err": 0.810367868509306,
      "scale_err": 0.1651677497591906,
      "orient_err": 0.10487417775814051,
      "vel_err": 2.168032212651556
    },
    "rider": {
      "trans_err": 0.5063470933662821,
      "scale_err": 0.242810291265459,
      "orient_err": 0.222628043717588,
      "vel_err": 2.481913631026469
    },
    "pedestrian": {
      "trans_err": 1.0,
      "scale_err": 1.0,
      "orient_err": 1.0,
      "vel_err": 1.0
    },
    "tricyclist": {
      "trans_err": 0.32843313666444546,
      "scale_err": 0.1824282468036095,
      "orient_err": 0.04179147985732969,
      "vel_err": 0.6125244440703943
    },
    "light_truck": {
      "trans_err": 0.4371758302396552,
      "scale_err": 0.1662739328804466,
      "orient_err": 0.07413048211782275,
      "vel_err": 1.598833934561239
    }
  },
  "tp_errors": {
    "trans_err": 0.6695102379799882,
    "scale_err": 0.44258738107211354,
    "orient_err": 0.4019828909147139,
    "vel_err": 1.3768195871533138
  },
  "tp_scores": {
    "trans_err": 0.3304897620200118,
    "scale_err": 0.5574126189278865,
    "orient_err": 0.5980171090852862,
    "vel_err": 0.0
  },
  "NOS": 0.2504560321627528,
  "eval_time": 11.765194416046143,
  "cfg": {
    "class_range": {
      "car": [
        70,
        55
      ],
      "truck": [
        70,
        55
      ],
      "trailer": [
        70,
        55
      ],
      "bus": [
        70,
        55
      ],
      "engineering_vehicle": [
        70,
        55
      ],
      "rider": [
        70,
        55
      ],
      "pedestrian": [
        70,
        55
      ],
      "tricyclist": [
        70,
        55
      ],
      "light_truck": [
        70,
        55
      ]
    },
    "dist_fcn": "center_distance",
    "dist_ths": [
      1.0,
      2.0,
      3.0,
      4.0
    ],
    "dist_th_tp": 3.0,
    "min_recall": 0.1,
    "min_precision": 0.1,
    "max_boxes_per_sample": 500,
    "mean_ap_weight": 4
  },
  "meta": {
    "use_lidar": false,
    "use_camera": false,
    "use_radar": true
  }
}