{
  "label_aps": {
    "car": {
      "1.0": 0.9744905922121534,
      "2.0": 0.9856341004331086,
      "3.0": 0.9856995694048505,
      "4.0": 0.9857991963527234
    },
    "truck": {
      "1.0": 0.0,
      "2.0": 0.0,
      "3.0": 0.0,
      "4.0": 0.0
    },
    "trailer": {
      "1.0": 0.0,
      "2.0": 0.0,
      "3.0": 0.0,
      "4.0": 0.0
    },
    "bus": {
      "1.0": 0.5573094753137986,
      "2.0": 0.5573094753137986,
      "3.0": 0.5573094753137986,
      "4.0": 0.5573094753137986
    },
    "engineering_vehicle": {
      "1.0": 0.20485255520957274,
      "2.0": 0.4564488825171087,
      "3.0": 0.4729862194491824,
      "4.0": 0.4729862194491824
    },
    "rider": {
      "1.0": 0.4715853513116431,
      "2.0": 0.47302539512325925,
      "3.0": 0.48080767893014936,
      "4.0": 0.48811782843494267
    },
    "pedestrian": {
      "1.0": 0.2076001339563207,
      "2.0": 0.21530815721723076,
      "3.0": 0.21957757862045924,
      "4.0": 0.22438257489346447
    },
    "tricyclist": {
      "1.0": 0.9735213218145555,
      "2.0": 0.9735213218145555,
      "3.0": 0.9735213218145555,
      "4.0": 0.9735213218145555
    },
    "light_truck": {
      "1.0": 0.6153683540079918,
      "2.0": 0.6153683540079918,
      "3.0": 0.6153683540079918,
      "4.0": 0.6153683540079918
    }
  },
  "mean_dist_aps": {
    "car": 0.982905864600709,
    "truck": 0.0,
    "trailer": 0.0,
    "bus": 0.5573094753137986,
    "engineering_vehicle": 0.4018184691562616,
    "rider": 0.4783840634499986,
    "pedestrian": 0.2167171111718688,
    "tricyclist": 0.9735213218145555,
    "light_truck": 0.6153683540079918
  },
  "mean_ap": 0.46955829550168704,
  "label_tp_errors": {
    "car": {
      "trans_err": 0.178309014478487,
      "scale_err": 0.07825550819532885,
      "orient_err": 0.031269283238169715,
      "vel_err": 0.5902553900398813
    },
    "truck": {
      "trans_err": 1.0,
      "scale_err": 1.0,
      "orient_err": 1.0,
      "vel_err": 1.0
    },
    "trailer": {
      "trans_err": 1.0,
      "scale_err": 1.0,
      "orient_err": 1.0,
      "vel_err": 1.0
    },
    "bus": {
      "trans_err": 0.4374407070116465,
      "scale_err": 0.044150582209596445,
      "orient_err": 0.03988085646336653,
      "vel_err": 0.570346244463637
    },
    "engineering_vehicle": {
      "trans_err": 0.6840917804674496,
      "scale_err": 0.06515120178842566,
      "orient_err": 0.0598036549077545,
      "vel_err": 0.9009089814805066
    },
    "rider": {
      "trans_err": 0.20067685743818317,
      "scale_err": 0.16667974764092017,
      "orient_err": 0.09990270246876952,
      "vel_err": 1.4912937022558288
    },
    "pedestrian": {
      "trans_err": 0.13703054068222442,
      "scale_err": 0.11970414272856093,
      "orient_err": 0.5444346824876677,
      "vel_err": 0.4388365590200616
    },
    "tricyclist": {
      "trans_err": 0.18387590904111265,
      "scale_err": 0.07167860569095728,
      "orient_err": 0.02863615267779102,
      "vel_err": 0.29815946544619193
    },
    "light_truck": {
      "trans_err": 0.3059982992920507,
      "scale_err": 0.09177080594413428,
      "orient_err": 0.0346782218603823,
      "vel_err": 0.6506777122655936
    }
  },
  "tp_errors": {
    "trans_err": 0.45860256760123935,
    "scale_err": 0.29304339935532486,
    "orient_err": 0.31540061712265577,
    "vel_err": 0.7711642283301889
  },
  "tp_scores": {
    "trans_err": 0.5413974323987607,
    "scale_err": 0.7069566006446751,
    "orient_err": 0.6845993828773442,
    "vel_err": 0.22883577166981106
  },
  "NOS": 0.5050027961996675,
  "eval_time": 10.16969633102417,
  "cfg": {
    "class_range": {
      "car": [
        70,
        55
      ],
      "truck": [
        70,
        55
      ],
      "trailer": [
        70,
        55
      ],
      "bus": [
        70,
        55
      ],
      "engineering_vehicle": [
        70,
        55
      ],
      "rider": [
        70,
        55
      ],
      "pedestrian": [
        70,
        55
      ],
      "tricyclist": [
        70,
        55
      ],
      "light_truck": [
        70,
        55
      ]
    },
    "dist_fcn": "center_distance",
    "dist_ths": [
      1.0,
      2.0,
      3.0,
      4.0
    ],
    "dist_th_tp": 3.0,
    "min_recall": 0.1,
    "min_precision": 0.1,
    "max_boxes_per_sample": 500,
    "mean_ap_weight": 4
  },
  "meta": {
    "use_lidar": true,
    "use_camera": false,
    "use_radar": false
  }
}